First,Last,street,city,state,zip,phone,age
ARVO,NEWBERT,30817 Namekagon Pass,Wilmington,Delaware,19886,302-760-7669,53
TANA,NEUTZ,41037 Daystar Trail,Omaha,Nebraska,68124,402-193-2140,60
MARY,OSKO,4 Northridge Alley,Fresno,California,93778,559-132-4434,47
RHIANNA,PORTMANN,52 Moulton Trail,Laredo,Texas,78044,956-102-7203,62
OLETA,GARCIAPEREZ,2291 John Wall Drive,Paterson,New Jersey,07544,862-739-9181,62
ZENO,LUNGHI,2500 Springs Road,Houston,Texas,77030,832-376-6204,25
TYRIN,TAGLIA,982 Old Shore Point,Las Vegas,Nevada,89145,702-168-6795,42
JOEL,MATHIEWS,0349 Oakridge Point,San Mateo,California,94405,805-452-0193,53
ROCCO,SAINT,7 Warrior Road,Macon,Georgia,31296,478-904-5571,37
FREDERIC,CASTANIA,92 Tennyson Lane,Jacksonville,Florida,32259,904-113-1268,26
MARTA,COISON,0 Crownhardt Terrace,Cincinnati,Ohio,45254,513-573-0388,25
JILLIAN,VENTLING,08 Holmberg Terrace,Houston,Texas,77206,713-825-7216,48
RUBEN,JIPSON,84162 1st Center,Minneapolis,Minnesota,55480,612-293-5699,41
LIDIA,RICK,51 Alpine Place,Modesto,California,95397,209-389-6392,25
LEONIE,PERRITT,63277 7th Trail,Edmond,Oklahoma,73034,405-797-5908,46
ETHEN,GALLUS,63029 Daystar Center,Orlando,Florida,32835,321-611-2352,25
ELMER,GEAGAN,76 Arrowood Alley,Daytona Beach,Florida,32118,386-566-8286,55
LEANDRO,LEVINSTEIN,3961 Veith Crossing,Bakersfield,California,93305,805-343-2875,29
GERARDO,TURRIETTA,0577 Granby Lane,Fort Wayne,Indiana,46852,260-840-9799,26
ROSANNA,SARMIENTO,56630 Harper Drive,Memphis,Tennessee,38181,901-430-9650,32
HENRIETTA,DEML,8852 Raven Junction,Peoria,Illinois,61651,309-813-2577,56
ERLINDA,SCHOLES,34547 Clove Hill,Spokane,Washington,99210,509-605-2307,36
CHERISE,DICH,34 Kinsman Drive,Houston,Texas,77276,713-362-3932,49
KAHLIL,URSINI,5589 Crowley Pass,Cleveland,Ohio,44177,440-313-0379,40
MARA,NEIBAUR,50298 Muir Plaza,El Paso,Texas,79984,915-137-2121,53
KIEFER,FINEBERG,09 Kings Alley,Atlanta,Georgia,30343,404-718-7621,37
LURANA,PICK,649 Lawn Junction,Reno,Nevada,89595,775-899-5137,65
JILL,TURER,8 Sage Park,Atlanta,Georgia,30343,404-299-1946,36
ADALINE,HUNTER,31 Bay Parkway,Washington,District of Columbia,20073,202-543-9798,55
JOANIE,SIVRET,9 Lakewood Gardens Trail,Huntsville,Alabama,35815,256-480-9725,30
LARK,MCCORKINDALE,0 Algoma Park,El Paso,Texas,79989,915-454-4961,46
MATTYE,ZAMANIAN,54791 Leroy Crossing,South Bend,Indiana,46634,574-152-8409,32
JOHNNIE,PAITSEL,3318 Victoria Crossing,San Jose,California,95108,408-384-3523,48
RICO,WEINANDT,997 Carioca Circle,Alexandria,Virginia,22309,703-300-4125,63
DELIA,ESPENOZA,711 Northwestern Alley,Washington,District of Columbia,20099,202-423-3212,60
MARLEY,SAUVOLA,778 Petterle Place,Huntington,West Virginia,25726,304-701-8247,36
PENELOPE,LYNG,452 Debs Center,Gary,Indiana,46406,219-280-5387,37
JOSELIN,CAMPSHURE,75508 Gulseth Center,Portland,Oregon,97206,503-878-9512,50
LESTER,BARBARITO,30 Quincy Terrace,Fort Lauderdale,Florida,33320,754-941-8354,57
GRAY,JOAO,71830 Packers Trail,Washington,District of Columbia,20535,202-164-2589,27
