First,Last,street,city,state,zip,phone,age
HUY,SERBER,4779 Pierstorff Point,Beaumont,Texas,77713,409-785-1038,49
REGIS,KLAUSER,5 Jenifer Terrace,Athens,Georgia,30605,706-497-3244,53
AFTON,SKATES,933 Gerald Trail,Sacramento,California,95813,916-855-1398,58
CONSUELA,SCHUMANN,6 Hazelcrest Point,Montgomery,Alabama,36119,334-611-8257,62
BARBARA,SAM,70 Briar Crest Alley,Houston,Texas,77281,713-588-3458,60
BRADLEY,KILLION,07 Ridge Oak Park,Seattle,Washington,98148,206-189-4813,65
ALVARO,PUSZ,4941 5th Parkway,Reston,Virginia,22096,571-910-0590,65
CASSIDY,LAMOUREAUX,790 Rigney Park,Saint Augustine,Florida,32092,904-502-1046,61
MIKALA,SPOTTSVILLE,14980 Jenifer Point,Washington,District of Columbia,20260,202-348-1846,60
EBEN,BOELL,88 Mallory Place,Duluth,Minnesota,55811,218-472-6287,48
LILLARD,DELBALSO,12023 Rigney Pass,Aurora,Colorado,80015,720-414-8552,46
BENARD,HOWARTH,1 Northport Court,Portland,Maine,04109,207-178-7434,51
KHALIL,STLEGER,8 Aberg Plaza,Torrance,California,90505,310-617-8008,58
SHAWNNA,JORE,8 Montana Trail,Chicago,Illinois,60641,773-694-5418,57
LUCIAN,KRUG,59524 Division Circle,Des Moines,Iowa,50310,515-498-3804,52
DAKOTA,KASMIKHA,14 4th Trail,Cincinnati,Ohio,45228,513-268-4485,54
BIRTHA,BARTICK,13 Mitchell Alley,Omaha,Nebraska,68110,402-933-6986,59
RODERICK,MASSENBURG,93 Boyd Plaza,New York City,New York,10004,516-546-0094,63
JEVON,ENNINGA,26 Sugar Parkway,Houston,Texas,77005,281-218-7689,64
SAIGE,DONDE,84754 Mallard Point,Shawnee Mission,Kansas,66205,816-819-9141,54
SHAWN,WINTHEISER,096 Heffernan Pass,Washington,District of Columbia,20370,202-275-2333,59
ARDYCE,WIEWEL,711 Shasta Way,Albuquerque,New Mexico,87110,505-123-9433,65
JANEY,DORM,5556 Fordem Road,Portland,Oregon,97229,503-111-2802,53
ELVA,MAPHET,94708 Carey Lane,Lynn,Massachusetts,01905,339-469-7038,65
GRIFFIN,SHIFRIN,64 Pierstorff Road,Louisville,Kentucky,40225,502-341-9015,50
