Passenger ID,First,Last
4dMaH8w,ETNA,ZENN
Qnr6YGu,ISAIAH,ZUPAN
uP1Tjgi,PAULO,MUSTEDANAGIC
ouKOyTK,ADELA,LOEHRER
KHP9yRo,AZZIE,BAJOR
GtIfjPL,AGNES,LECHELT
UtBt5R4,SHANA,DODERO
wf4NRy2,KAMILA,MINARICK
3f5MYPf,DEVAUGHN,DRELL
xFnbSrv,WILBUR,ECONOMOU
nLaYYNf,SIGURD,BODOH
wRfNMkq,KALYN,AFFOLDER
JmNyVyw,NINNIE,TAUSCHEK
TtMCm7v,LEILA,SIDORSKI
CBRVGSu,WESLEY,ELSAYED
ELqiMws,ENRIQUETA,SCHOENY
1XzVQDP,STAN,DARNABY
FM7YCHj,CLAIBORNE,TAULTON
aQ6zo5C,ALONSO,CUTWAY
xPV0lMx,CONSTANTINE,TELLERIA
0BvNGsz,KYA,COUICK
IQaCnvf,LEORA,RENDULIC
BZOK8TW,DELBERT,BETSCHER
cvIgTIY,MATHEWS,ENLUND
RWO7X31,GANNON,BUSHWAY
WX2UAgU,PLUMA,AGOPIAN
t4xY0ps,ODA,WALLAN
JbVaRMO,SETH,HARGEST
75mzHbs,OCTA,DONATI
qHkEIIT,MONSERRAT,HEMMES
sSkpNiX,VIRA,ARRELLANO
B5xjoZK,DENVER,MAILLE
4FKMEKC,SIDDIE,SHILOW
l9n7LZp,RAGNA,BURIC
obac3iL,CLEVELAND,MAICHLE
qteOARE,ORVAL,LANGREN
0hJWOCu,ZETTA,NEWNHAM
a0tPTP4,LELLA,KOLCZYNSKI
x00vLXp,PHILIP,FAMBROUGH
D9Cbh9n,CHARLES,DOWNTON
JzN0Kh3,PRICILLA,LEVITIN
gZJWPJ4,BENSON,TEIXEIRA
iAOo4L9,MCKENNA,RUSSEY
fdI8ImO,BURNETT,THIO
4gyETKB,INGER,NEWNUM
MBZ9tCP,KRISTOFER,TRAMPOSCH
7NaBnEl,MARIANITA,HINTE
CpRjHzW,COLLIS,REMACHE
G7d00vy,SAMUAL,BADORE
xKRonUq,ISMAEL,HOLKE
UrGFh03,RENARD,ELISH
PMgAQXi,MADDEN,BROMS
tHKCkbZ,LIZ,CHILA
6cUL9Oo,ORAN,ALMODOVAR
B2eBnKQ,MILAS,CERULO
QqazSGs,EDYTH,ZIGMUND
zwdpWA4,DUKE,FROHOCK
ML8ZpHC,ARIA,GOSSAGE
SIjf7MW,TRENT,DIREGAN
Gw9GIkm,CASSANDRA,LANYI
2XK7zzV,SHELBIE,BLAZQUEZ
NHd3yLq,EARLE,BURRIESCI
xiSTDik,DEENA,MOHME
vFNcYsG,CHERELLE,MAZAS
Zdm7aN0,COLONEL,HALLOM
9ePRI4w,IVETTE,DYREK
C0IJi2I,CARMELO,REHN
Itv4Ovs,JALISSA,CLAUSELL
RrRMCAJ,INGRID,LIMANNI
FEY2qKY,MAGNOLIA,HAISMA
28Zyiuu,JACQUELINE,BOUY
oY7Kxng,MARYELLEN,JANKORD
6AzDS5o,NEELY,BRUNSTAD
XfHuaqm,RYLAND,SABLATURA
90SzNbO,TEVIN,ENTWISLE
4h3yEtT,RONA,BUTENKO
5tejRt2,REGINAL,ADI
3oCba7e,MILDA,GASPARIAN
5yKFNmy,ROXANA,DOUGET
dPL6XeZ,BEBE,SLIMMER
aLTmhWs,ALEC,ZANABRIA
VUBVWYT,DRUSILLA,KETHLEY
Lkhw8tY,TORIE,MANTELL
eb0elcz,PATSY,CIUCCI
XnmE2U3,LORETTO,HLAD
HDzSVgV,RICHMOND,LOGSDON
AWQihvS,MERVIN,CHOROMANSKI
fYVARDj,ZELMA,GARBISON
Dafq7m1,DESTINEY,DELCOURE
zbFUJRe,MEKHI,KUBASTA
wLYtBBl,CONSUELA,SCHUMANN
IdUTzmc,EDITH,GERMAN
To8HLY8,ALBERTINA,DUMPHY
VZdzuuT,JAVEN,KLIEN
2p5Kxuc,SAIGE,DONDE
zwJ2WvU,LIDIA,RICK
cVV3dJ5,BELINDA,SCHIEBEL
ZKaUKvu,FABIAN,FONG
4Ak5RZk,BRANNON,HAVRILLA
fVJ4ftN,DARIA,FRONDORF
1GNkk1u,MASAO,MASLIN
uqi1rYE,METHA,DUCEY
Rhwf4kY,REBA,BISBIKIS
5KybM5F,VENNIE,HELMCAMP
PN6vIkm,PAYTON,DRAGG
YbNfo21,ANTWAIN,ENGLADE
O8B79ab,KARLI,BUNES
iWeAPCb,VANCE,ORDUNEZ
KE0nyuw,JAYE,BULLEIT
fV7ueyq,DOUGLASS,MOZELLE
9G5Nsqt,JOURNEY,RUSSEL
0wtVWEe,GALILEA,ROETZER
AGa8CH3,KRISH,BRICENO
JtuLZxH,TISHIE,FOTOS
UtXctH5,OTHA,STEINBRUEGGE
5oDPm7p,STEFAN,SARRASIN
QJVDUCB,LINTON,WESTMARK
mYVgr8a,SELMA,LOCCISANO
5de9T1J,ARA,COLEMAN
HzGsqYm,HANA,TOPF
XMJgviF,DEMETRIA,MOJENA
NZGWBlD,ELNORA,GRIVNA
83IXzco,ANITA,RYBKA
MwyaBZi,NYAH,GOMBASH
1nZE3pu,GLENNIE,BALMOS
RlDvTV6,WALDEMAR,ORLOV
alBlyXy,BASCOM,LAROUX
h1EelDi,LILLARD,DELBALSO
biO2OQv,ANTIONETTE,BRIGHTBILL
4APL71w,MARY,OSKO
Hc7abs1,DESTANY,SCHABER
CeHO5lO,CHRIST,VANROY
rHU9mMd,CASIE,MCMANNIS
fXVwSyp,SPRING,SCHNACKEL
vzNVn04,DERECK,PALILLA
f1huxcN,HEZEKIAH,BOCEK
KnAmsc7,JAYLEEN,WESTENBURG
C8eSYyE,MIRACLE,REICHE
n626JtE,DERYL,GRANNUM
6mcNxCj,KALLIE,ELEJALDE
m79Pfj5,BLANCHE,FOLCH
MXs3r2u,LEATHA,LAFOE
TwzoCUP,MAMIE,EWIG
CevaWvm,MILDRED,ZEPHIR
v5fROGx,ALMON,NODAL
vG8jSsh,BLUFORD,SYKES
lkpQufx,ROEL,SERDA
z7hugIP,WES,GRABENHORST
GDeedkO,KENISHA,COHAGAN
b7jHb7l,BALDWIN,RADJENOVICH
fT5iMse,MONTGOMERY,FYFFE
qi1R1ym,RUBEN,JIPSON
lIhb925,SHANEQUA,ARAZI
1iEV59g,THOR,RANDELS
e2gMRRE,CLARKE,FONK
5btZ4Y6,GERALYN,MCCLAREN
OZhyI1u,LEONIDAS,BERENYI
F609pgy,MYRANDA,BURRER
Ps5IymV,ADELARD,BUMGARNER
YTYjHpk,AUDY,CAVALLUCCI
YxcgDv9,CHRISTEN,NELLES
FwxlBhw,SHON,THORPE
mZ0rP6b,LYNDON,TADMAN
OYlj3R7,KERMIT,MRSNY
4wfhwmD,DEBERA,GARICK
6QSHhlY,CHARITY,COYNER
vwZcd0u,NEWELL,SALMONS
l6xm9gA,PIPER,VONRUDEN
v3512IF,LUE,TRIMBOLI
eZZ1U2L,HUY,SERBER
AjCm42l,BLANCA,GANGELHOFF
W9XZAMT,AARAV,ANTINOZZI
P8Va3i8,SUELLEN,GEORG
IkN5JWK,YAIR,WIESER
2ju8JwB,PRISCILA,LECHENE
Fyx6l55,ANGELITA,SUDBECK
eEqfTCs,MERTON,DINEHART
zAaaifR,ORVEL,SNOPEK
PJXydii,JANEY,DORM
Q4M9J5s,KIRA,GRAMPP
dI2C3pc,LUCIAN,KRUG
OJtnnTG,MARGARITO,WALLOP
RaRIsxk,CURLEY,SIVITS
XwXbM9t,ALLEN,SLOTTERBACK
n3VjuG2,ALCIDE,QUAID
FZBBgdy,ELOIS,GARDINIER
DDKFNjS,JORDIN,BETRAND
wi3GS2k,LOTTA,BRIDDELL
tt2HiUm,TAJA,ARANDA
eczZTqa,ALWINE,NOAH
TVhs3rb,JAMISON,FLATLEY
TvJ2Vdn,JENA,ARZBERGER
8kSpy6J,CHANEL,GROUNDWATER
eAERAbO,LACI,ANGIOLETTI
PFTwtfe,JAYNE,BRICK
sYrHWuM,KAYDEN,LEISHMAN
tzFMNjk,CONNIE,BIERD
u6mt41L,VELIA,LOGOTHETIS
gKCqhL4,TAHJ,KAUFFMANN
Fxfwjkj,JANE,TIPPER
nQpTAOa,FARAH,WHORRALL
dM41wFp,KYLIE,ROLOFSON
Ntd2i4p,ELZA,YOUNGBEAR
WEjGNqm,ANNETTA,CAMARATA
Syry3j9,SARITA,TUTKO
CiRVdz0,LINDSAY,FAWZI
LrIWau7,SCARLET,GRBIC
VnDaw52,LEVON,WOLLMANN
2OsPAgn,ARRA,MOLEY
PFWnBt2,HUGHEY,DISALVO
UaWg8Bx,KARIM,GONSOULIN
z210DKx,DAWNE,WALLINGER
3BNQLwC,KEYON,KUMP
UNo0jI2,BERTRAM,GARELA
yins823,LANDAN,DOLCINI
zNpEmOU,ERICKA,DIEN
Yckrocs,ANCIL,DOMON
T2Jo6mk,ESTER,STOPS
heCC8G8,MAREN,FUKUMOTO
AWvVGVJ,JEANMARIE,BELFORD
HGp4pFd,ATLAS,MAIL
s1I47C0,IRVA,HODER
i6e3QUe,TYLOR,DUFFUS
xkju9uR,LEMPI,LOVEGROVE
PgeT0Wi,BRUCE,ELLIOTT
iAZUlo2,AMIRAH,CLUBBS
wUSJzgG,DOMINICK,BALLIS
Vspv2Rq,JOHNY,PATRICELLI
HWPvrdp,LORI,LOPACKI
MLM1Kox,KEION,QUISPE
G39eJjR,FANNY,VANVONDEREN
nZwUw1v,ROCCO,SAINT
CkEbdOP,ANGELIA,DIFRONZO
jmKYbkQ,CAMPBELL,MAUNDER
e27BTKY,PAITYN,KORNS
goEn291,ROZELLA,MASK
QEqjhcZ,ARMINDA,LINDMEIER
SfSyPMm,KENLEY,SAMOLIS
GlZMj4y,DAROLD,CHLAN
5ajBKY0,WINFIELD,PHILLS
WGEhbgM,BELL,KEISER
Vb3yDf7,LEISHA,BERENT
vLWbGeG,LUCRETIA,STROPLE
cfJuStZ,ROSCO,ERNEST
IM4FpNc,RONALD,GROTTE
4qFarO4,CINTHIA,DOCKERTY
xkbkkTG,DERRELL,PEROSI
RFIbgzt,NORITA,SLEE
qAUggBx,DJUANA,BETTERSON
LEbDe0S,BENJAMIN,PRAIN
KNf243X,ANABEL,MOCCO
0YUrPCy,HUGH,HAWN
Zp7fkl5,KRYSTLE,LORETDEMOLA
5EtOviL,BEDA,HOESMAN
cvR565X,CLEMENTE,FILIPEK
cWtzzFN,THORWALD,CALLICOTTE
tS9FNk7,SHANELLE,LIEU
3vUdANt,ALWILDA,SCHRAER
XhmRiiU,GEARLDINE,"NADDEO"
vn24MT1,ERIS,MEDVIN
u0qkcoR,FRONIE,SER
yHYpZm9,LUM,MORRISROE
xZSfXIA,FREMONT,SILOS
pvQr6bJ,HAZEN,MIYAUCHI
w977wpE,MURRAY,ELFENBEIN
GVPzDdj,IVORY,BROSNIHAN
72AU2Sg,ORIS,KYRIAKIDES
Tj46o0W,FIDENCIO,RETAMOZA
ZGMLJ3m,VINTON,CATANO
9uFK9N5,DUANE,DEPETRILLO
fzWtwPo,ISABEL,FORETICH
4NkcyS1,EARNESTINE,LEGERSKI
uH6T3Me,KACY,LAMPEN
d9UbyEM,KAI,RONCHETTO
hGNOQoh,ANNAMARIE,WASICK
WXQpxov,DOMINQUE,SAL
1ebYBMO,DELMUS,VECCHIA
UUOzUAU,GWEN,GRADER
oIrDduN,CLAUDIO,RODEBUSH
wZqpLoY,HARRIE,TYUS
SfoxPsA,GIL,SUASTEGUI
Q5kcDod,LADDIE,AMERAL
lXisuHz,ROCIO,DIIORIO
O59nrjL,ARKIE,ABBONDANDOLO
0bTdVUh,JEFFREY,BOHANAN
2xcQr6P,TATUM,CHAMLEE
9kDrd7Z,BOWMAN,MAESER
4p6mt4G,SCHLEY,BLEMKER
pH96zdv,HOLLY,DEREMIAH
CnLVur5,WINDELL,DURANT
6yHFyeX,PHILLIP,VOSSOUGHI
eZyj1H1,JARRAD,WIEN
4UO1PuC,MARGERET,SEIBERLICH
xTZNHBF,MARTY,HARRIDGE
sxSQ0iH,TYRA,SAINTVICTOR
OQh3fJA,SKYLA,MAUDSLEY
Pi8RgHS,JANICE,STERKEN
kMe8OPc,CHAZ,DAUGHRITY
k68bOpq,REBECA,KOLPIN
x30D0SP,LEALA,GARCES
PnI11TN,MONTIE,JAFFEE
Sdc1RIE,LILLIANNA,GATCHALIAN
w9ISzZy,ETHEL,DUFEK
OIqz81T,JOVANI,GANSLER
4hk3F1v,DEON,CAREATHERS
O3cVspL,VANESA,DOMINIANNI
NsKTS7i,JEFFEREY,ROSKENS
mhlZ8Bi,LARUE,FOISY
ViPvCoe,SAMMIE,WERBLOW
qu1tizF,BLAIN,HAJIAN
pg4mzV8,CORA,GAU
54wIb99,BENITO,"NAKHLA"
H4Rv4gY,MICHAELE,WINBERG
ETbTdBj,TRACY,ENTRICAN
KdXdlYY,NORETA,PERINA
h2mvb80,DRURY,ESTRICH
EKmlrly,GAUGE,GARRISI
FlO2nEz,DARIN,PODVIN
lDFnZk9,ANNABELLA,LANGEL
lx0pOnk,CARRA,GOKE
4ToEBMN,AMMIE,KENSLOW
bpTrHY1,JUNIUS,CHALUPA
Pl3QeaR,RUBIE,HAKALA
lEc5osl,LILIE,PITTIGLIO
lQizg7B,LURANA,PICK
o1u8KIf,DOVE,MELLS
fP6Imkt,DEWITT,SMOGER
ronW3lO,"NATHANAEL",STUP
pcCyxUO,KRISTI,ALDACO
EMFirMl,LENORA,LAROT
1diXXuZ,MICHEL,POELLNITZ
IcIvebd,OLOF,BEGUM
7L4Vk2h,RIKKI,CONATSER
RBubtEZ,SIMONA,CARERI
I5CHgDk,PALLIE,FETTERLEY
KgXm0QQ,FRONNIE,SYAL
KAsNWko,KAEDEN,WAUER
8XTe7Ke,WINTON,MICKEY
9X8NPYS,DOVIE,SOON
QLBCrS7,LAURENE,RIDALL
UsPuXxX,TAMIKO,YUSEF
TgedTEr,AMEY,MATUSOW
p089wB1,RENA,SARDON
OPPtCUn,DELINDA,BETTERTON
VyEOMqt,AURTHUR,BUNDAY
82fPBsN,ZANA,FLORIE
dU2ixPg,VIOLET,SCHOELLKOPF
inZxB8W,LOVE,KLIMO
H0SC5le,LAURETTE,WORT
RX5GxgY,SUZANNA,SUMEREL
UXSs9RH,MOSHE,VASWANI
DOoAxSj,ERIE,CHAVOLLA
ato1xKc,CHRISTIANA,SIGLIN
VrDwBEJ,GLENWOOD,PLOGGER
AWce0g3,REINALDO,FASSEL
WPqHTpn,LYNETTE,PATIDAR
cxaa8Fe,ERMINE,LANINGHAM
6HnjPpx,BETHZY,BORSKEY
8QpBsp3,THOMAS,STABILE
J8DeFqz,"NATALYA",MCANINCH
PebVkRu,BARTON,LIENEMANN
OMUJgHq,CONCETTA,FIRMAN
wBi2Xux,ZENAS,MALLO
5jlFbWO,MELONIE,TISDELL
HGyQ1nm,KASSIE,GRINSTEINNER
0OscF5g,ALBERTO,JOSIAH
INAmxjm,BROOKLYNN,SIMNITT
uU7t4AC,CHRISTEEN,PARIS
vZYHrkD,VERDELL,BONSAL
ZuA2BNZ,ELWOOD,SOCCI
jOMncdM,DEVANTE,HARTMAN
9CyjxXb,ALISON,BEAUMIER
kg074Nr,BARRIE,RISTOW
W9ghLEu,ZED,JUUL
h5ONFw0,FARRELL,SWART
xdZo7Jc,TRIPP,PALAU
P9uQ0OH,ICA,KOTCHER
KfgcpKd,DONITA,MINARICH
XUUQloa,DONATO,EID
H2SSIhf,PINK,HATTEY
5bFL6Ms,ABBOTT,PREAS
cPGXqGW,LIZABETH,COURAGE
SxUXUO4,TERRILL,DANK
V78EQ8C,AUBRIE,HORMELL
UmLF7Qq,ABDUL,SASSE
8lgAYMd,ERNA,DENOON
eUrwfM4,DEDRA,FOLKESTAD
4ASV25Q,JERAD,HUNKER
LT4f7Xw,VALENTINA,BRETZKE
8fDrVzZ,MILLIE,SMETHURST
1B7umIb,VALENTINE,FITHEN
dbxzyuM,ARSENIO,SHITTU
iWY4JqK,SILVER,YURICK
iXMstmO,ELWYN,BOLLIER
mquZdVV,DARELL,POLGAR
Bv8tc84,ETTIE,TASTET
9mqKynD,ELBRIDGE,BEDILLION
szlqRds,CLEOLA,DIQUATTRO
HWN4bkp,EDMOND,CHURGIN
YLBN0BX,JOANN,METREJEAN
zEROqVP,DELIA,ESPENOZA
lJazvnj,ROBIN,KRIENERT
39pW56I,CHERI,SHIREMAN
hwuBSzS,FANNIE,GRUE
Nxm2gfx,HERMINA,BARBAREE
Lr6jR98,EITHEL,PHINISEE
IG8qbTI,JAMAAL,PRATTE
OiBELvm,DALE,GARCIAALVAREZ
z2z3fxv,EWART,KRUZINSKI
YZFtasZ,ERICK,GARNICA
MNB4FmJ,KAYLI,MONTREVIL
gGCnCe9,JAYDE,CREGG
1O6KKD6,HEATHER,DOYLEY
SF1wvas,IVER,JABLONSKI
YKOwX2L,ILLYA,SAFRAN
Px2pjMa,MARGARET,NEUPERT
QQX8GD9,INFANT,RIONDA
qelrn5F,LILLY,BAXI
ZLseZM5,RETTA,IRAHETA
80b9bs7,NICOLLE,TROGDEN
Y7HOlTv,YAJAIRA,CARDOSA
ByMigRG,KELLAN,PRIFTI
wrg4dhW,CHANTEL,NEUBERT
jACA9YH,BEECHER,RUSHFORD
uNVosmG,MEGHAN,ROSATI
Zv9pj6Q,SULLIVAN,BERRIAN
lZ1K0b7,ADMIRAL,DELASHMITT
eMwMR3O,CLIVE,MARTINEZPEREZ
zZy4Y3F,HARRIETTE,GABARDI
L516EZq,TYREL,RODENHOUSE
AcqC2HH,DOMONIQUE,AHEARN
aqXdXrl,GREENE,MCAULAY
vslrqee,RUEBEN,MONAN
h2uqLiB,LARY,DOLGOS
Wfv2PJI,CRISTOPHER,HOLLENBACH
Dmzbilw,MAXIM,CHORBAJIAN
yHQCC0t,GLENN,VANORSDOL
O95S2Bf,MIRIAH,ABUZAID
l4FS0ny,TREASURE,DOOD
1TCAvKB,KORBIN,HOWLES
Nl5wL64,ANIBAL,KOPRIVA
TFXGB68,SAMSON,GLEIT
Rs9d9yB,JUSTYN,BARNIDGE
A5i64Mm,JAYLEN,GEESLING
OZzwk6Y,JENNIE,RUSNAK
tthzhPO,MACIE,FRIGO
lG9fxwD,JESENIA,WESTBROOKE
PfMktC8,AFTON,SKATES
0jHNZ1n,KOBY,SERRY
injJMzo,IMANOL,WOMAC
cKcSuYZ,BELEN,READMAN
SFLpQ3y,LYNN,NOGUERAS
GUCPuzh,TYRIN,TAGLIA
Udns6O9,ALEJANDRO,ALEJO
FpezBnB,LUCKY,DUNNAHOE
VZmzwrF,BETTE,SERRELL
4izfPZS,ARMANI,MUNGER
smxOzeN,OSCAR,EDBERG
HPn6RHE,RASHAD,CONEJO
jWp63MD,KELSEA,ARNSTON
l3htoWW,ADALBERTO,CROTSER
yJNga0J,WILLODEAN,BELLINGHAM
Ps25H2l,TRISTON,HARTKOPF
cpCISuh,WILLARD,MEYLAN
Xg61hIJ,HARRY,HUBIAK
f7NICpZ,MIREYA,VILL
sji3qrT,BRITTNEE,MARKOWSKY
SSPwV4t,CANNON,LILLA
9jvxhYQ,MARA,NEIBAUR
Ib4XzOA,PAMELIA,PARLIER
reIldCq,ENOCH,CLOWDUS
881p5GE,ARMAND,OKORONKWO
31PfhIb,"NAUTICA",SIPPRELL
Wib0O2f,OLEY,KANESKI
TqWgpkn,CEYLON,ROCKOFF
KoS8L5k,RAFE,OLDENKAMP
UmCxDC1,JACKY,BLYMILLER
hWg6PWP,EILEEN,OPITZ
jw1FCq1,HELENA,FASOLI
b7N7SoY,DARRIAN,DABALOS
QrzduCn,ADISON,CUDJOE
l8HyRdI,JEMAL,THRO
FnPE8yt,LATRELL,DIVEL
WhGuZlY,MONA,DATKO
GxzzQCl,HALBERT,RAMPRASHAD
uHShQ4U,GUSTAV,KONIG
wLl2wr2,ALBERT,LALIM
kD7Rgfj,KANYE,AHLUM
yyI6SaY,SHIRLEEN,ROWTON
tnHnXrj,VASHON,HOLLWAY
muAYNBT,HOLLAND,VARTANYAN
tsB7omH,ADRIENE,BUCHAR
Y3ct0nq,RAUL,BENCI
DqwJ845,ELLYN,BUZON
jnBP0jy,MYA,GAASCH
Zl8dLc7,AUDIE,BECAN
S9GQytQ,WINSTON,STRENGTH
VvsYd9Y,LUCIUS,MALINSKI
DYkuRFW,FIELDING,BOCKMON
yTfX6rA,ROSALINDA,DAMBROSI
GirSmcR,DEEGAN,ROMANOWSKY
7brvEVU,TEELA,STREMLAU
VXwe8vO,TANA,NEUTZ
1W0Dqi2,ALDEN,LEMLEY
NkBJDuJ,FINNEGAN,PARIETTI
XejNIRB,DONTA,LASSABE
R0cx4uT,LILLIS,LEIN
2xBmA2I,JOHATHAN,DEKRUIF
mOCdc79,ALBION,KRUMM
rcojNV0,EZRA,MCAHREN
huEnQRJ,MARIANA,FANTROY
1qiK5qK,SIMEON,GENET
5KS8kAM,KIMBERLIE,PAFFENROTH
KzBhSlD,ROENA,SHADDIX
S4GIuyq,LUKE,ZIHLMAN
uCqg2k2,CORDARO,TRESCO
39z0fB5,WATSON,CERVI
XfIy4wY,FREDERIC,CASTANIA
FDq9TmL,KARIS,QUIMSON
NPammOX,KYRIE,SHOVLIN
8NFjUiC,CHALMERS,FAGGART
aGnkDTo,SANNIE,BORDOGNA
TW3b7VN,DANITA,PIWOWAR
S85pQ4X,"NAOMA",STRASEN
2CL0Sku,BETHEL,DIOTALEVI
vXK2fVS,ZELA,AVELLANET
KpCkExL,JAMIYA,HAAHR
0nEgBM0,GOLDIE,COPPOLO
rrux7CI,FESTUS,ZILLS
RzrolWu,RUSSEL,STUDTMANN
ewCd1TY,CLARK,KRUCKMAN
Tl61RDH,ADAH,SCHARNHORST
xomVYEz,"NATHALIA",MONTIEL
D5sWZOa,SOPHRONIA,MIYAZAWA
dMmLJ0m,CANDI,MUSTIN
h6hJmIN,LINDBERGH,YOUNGBIRD
mlbwkrO,MARIANN,BREMBY
eGzpaFd,BERNHARD,ARSENAULT
mFrnS5O,KEANU,WAFFORD
BviTv7n,CHASITY,KUDLA
SsTvG5Y,RACHAEL,STEIGERWALD
CASAv0M,CYNTHIA,PERUCH
ZqR0eMK,JUDGE,FADDIS
cf1UNps,DORRIS,LOCKHART
wN0bSww,JAYCE,MAZZIOTTA
IzhsR3f,TEDDIE,BAENZIGER
nbgDMBV,MICKEY,BYLAND
nM918M1,ZEB,COVALESKI
uq2dVrQ,FLORETTA,GRATT
fLnJ7cX,SANTINA,SPICKNALL
B6IXDlI,KASANDRA,GROOMER
QUzHj4c,MICHIAL,GIANCOLA
dtWjbe3,DOMENICK,ALANI
5TgXdm2,ANNA,SAGGESE
LzLUr38,ERLENE,SWERSKY
nfvsm6f,TIFFANI,MASSIN
E2JvvrR,JUAN,VANPAY
MCrsD4N,BENITA,ELFRING
tpMJHvf,ELZADA,GAUTIERI
vu1xLgK,TRISTIN,TRAVASSOS
yBajWIN,PRESLEY,POPKES
knWew6t,EBBIE,AEDO
v2zzQOG,WARD,RYERSON
E1BT1KL,EMERALD,BUFFARDI
fggrlzM,ESTELL,STOJKOVIC
GGNsW3Y,BENJI,ADEBIYI
GCAJPCF,EWING,LATAS
ARwNoTE,LUDIE,WIDUP
od8GVps,CHAMP,GODINE
BfQGDx0,LETHIA,STOMPS
f1gY1yT,BYRDIE,REDDRICK
K52aSR5,LARRY,MCNATT
AiUZfQD,SUZY,MAYHUE
sY8FABQ,MADYSON,DERENTHAL
WUTiazm,ARVEL,COULLIETTE
klLak6Z,MARIUS,RUH
9fR2owY,"NASH",ENNISS
SsdrRhv,DONNA,BOYUM
b1DuW6M,ZHANE,SKILLE
ZDSGgUt,TESS,HOLTZEN
KJhah3Z,CLEMIE,DUSZAK
SvoHxVh,EVERTT,VAASSEN
bKhqvmu,ANNER,SANCHIOUS
oPDCDeM,EDWINA,BETZNER
96eo00A,ENRIQUE,HULSLANDER
Htfnx3z,DJUNA,LEGARDE
F3dhA0p,CHARLY,ADAMOWICZ
L5NJDrE,DIANE,MAJEROWICZ
Z8ehFXn,KAIDEN,TOPINKA
BLumyjq,CLYDE,MAJEWICZ
KMwhAnj,CESAR,DELLIBOVI
QsTasNn,AUDRA,HORITA
giWtLmz,PLEAS,SAFRON
mJiBaqE,BIRTHA,BARTICK
prunAPh,GAREY,SWIERCZ
XnhzXii,MARION,DREWEK
eEEHACy,TERA,SISTARE
WiQOLKN,SHYANN,JINKS
b5mQAuU,JOHNPAUL,LENTZ
S3lBNMO,BETTINA,RASZEWSKI
lgCzUyw,PRYOR,KRESEN
8oUQ9ZP,GWENDOLYN,MAKEKAU
t9EVhG6,TYREEK,LATERZA
aHFJzXW,LAVELLE,MANSEL
eDp8htG,IRL,SYNAN
BZ42V7h,WASH,MEHOK
GbwnLdG,DULCIE,STEBELTON
NaVBc56,GODFREY,DANIELE
tB6KiX0,LUVINIA,GRABEEL
9hmMLu5,HYRUM,WALTENBURG
I1ighZQ,DAKOTA,KASMIKHA
eKQomJV,AYANA,AUSTELL
PUeanAM,ALEXYS,BRUCKMANN
wPHSHdD,ORRA,COTHRON
Sjdi3wr,IRVING,BALI
rFJFhIX,ADDIE,CHRIST
DKZcntT,MARISELA,MCGLON
Br3D5FO,MAUDIE,GALIMA
EN06BiO,ESTEFANI,HUNTINGTON
mr6d31j,ANJANETTE,KOTZER
9I4zLB6,ELTON,FENDELL
dWBcwIE,GARLAND,HELSON
A0Nm2kh,JANNA,BARGANIER
7hgeAcK,BLAISE,MANUES
eJ8gjHj,ARVIL,TAMPLAIN
JrKppWg,KENAN,APOSTOLICO
MpkTCwa,DINAH,BERTE
BumzVqu,RUTHE,THEBERGE
n6ifxey,CLEARENCE,VANDEVANTER
xatD502,SUSAN,MATTKE
d1zz9vn,JUDI,MORGANO
NmO5Xin,KAITLIN,ARRE
O5xMpI4,JAYDAN,VINCELETTE
tnkPY5X,TOLBERT,HUBERS
dJQglMA,HEDY,BESTON
rswRZth,ROBB,MESING
Gsg5cnf,KUNTA,WANER
C9Teq4v,JULIANNA,CAMAL
njkS2Dk,SARAHI,SWEARNGIN
Tqyg54x,JOLENE,STATOM
sYDT3Bl,SHREYA,MCPHEARSON
BFeZwaR,ROB,ZEHRUNG
Hr73wrZ,RHIANNA,PORTMANN
T6ic6C8,BUD,BUNTS
1kkN7lt,MISSY,ERBEN
dyOU0TP,GEORGE,MOUNTCASTLE
TfzCjdE,BARRY,STARCH
Rvi6EKz,ARIC,DUSTIN
3Bgukog,MARTA,COISON
xyiRsdv,EDGARDO,HOFFSES
wrDLt8D,LUBERTA,CATALOGNA
876Fqxo,MANDIE,DABON
dhHIsnr,JUSTIN,TILAHUN
7vNYpxx,LIAM,BOWSMAN
i6vb5DJ,KONNER,VANHALL
5g7BaVg,ELISHA,DEWELL
FMnkvzC,MATTYE,ZAMANIAN
Lk3ZpFv,CARLOTA,KOSIK
bsBLFUX,CHRISTION,CRILLEY
MVz5jCP,DIANN,WYNER
awWuGQC,RETA,LATORRE
ztpsRPV,VERLE,PAGLINO
T4Hv1i1,JILLIAN,VENTLING
lyU9dv3,LYRIC,BEGO
7Z1P7xl,FRANCIES,TRIMBATH
d51HNYs,BERNARDINE,SIMPLE
UoNKPyD,INES,POPEJOY
PNtaxqs,SHERRYL,CAPLIS
IQQZNCC,LONDYN,LAGINESS
C4qgw7T,CHLOE,MELLONE
ukyD02D,KATHARINA,WLOCH
yLoT0oZ,EBEN,BOELL
F4oTPSf,MAHLON,THORNSLEY
9pJd9ku,KARRI,BURBEE
MOigYLR,SHERON,BRES
nvHTn6o,BENJAMEN,ESKRIDGE
5zZ9jTQ,TAMIKA,YURIAR
ZXf4YLk,CHELSEY,SNELLING
GKPLSbj,CAROLANN,OPPEL
2xBjkMe,WILMER,BURGE
3NlbhxM,DIJON,"NAHM"
96NFdbQ,BLAKE,KWIK
LLpXnWA,SUSANNA,MANION
tl7AT6B,SHERRIE,TUMANENG
Hble0cQ,KELAN,HACKING
UY2l0kf,ALDO,URBANOWSKI
NL5IicK,EMELIE,RORMAN
h2fLreZ,CLEMENS,RIUTTA
IDcZoQD,ROSANNA,SARMIENTO
Efwp9bn,JEANNE,PASCUAL
MXIGyEo,TANDY,BRESTEL
j6X4fzF,HELGA,FOUT
BIjVswO,DANIA,INGUI
BORIBwp,RAS,BURGIO
2rN0pAU,HANSON,CAMERER
uAxINSW,AYLIN,SABANDO
iESo9It,RICKI,KROLCZYK
7wayFVv,WILLY,EISBRENNER
Zzkbs5W,BETHANN,ESPESETH
MwGMuaQ,HELEN,BERRIOCHOA
5Rcjm7j,DANICA,KERRINS
OmqSTq3,ASHLEA,AYERS
FLxV2xl,HERMANN,SPATAFORE
S9XTfT6,ANSEL,DEDOVIC
MIaTLE5,KENYON,DAPPEN
jOzsO5G,BILLY,DAMEWOOD
CKYoytj,DYLON,LUZE
ZGTAdO7,XAVIER,SINNOTT
MCTkQD6,HJALMAR,MINSHALL
lw98cF0,TREENA,HEARST
cCGilSP,DYLAN,SEA
f4fxlok,ALCIE,DULGAR
690dud1,BENTLEY,FOEHR
IeAkoyH,STARLA,SATTERLEY
7DLqEVb,"NATHANIEL",ZUELKE
BlDHIUw,KEELY,SITTON
WxFhNVc,LINETTE,SCHURR
y4ieoGH,MANDA,SCHUDEL
d2CTK1g,MARQUES,AMAR
J0XdbqN,ARACELY,REGIS
wrn7ux4,VEDA,JILL
uvCVEgz,ONIE,ROHLINGER
rusFcoQ,SAVILLA,BASKER
xyJVOiC,TELLY,BIVANS
jVIliGK,CARSON,JUDWARE
s5JiGza,MURPHY,LADOW
5X4jepc,JORDY,PIRMAN
HiWXy0K,CHRISTAL,REGAS
K0elCjU,DEMARCO,RAMO
tx8Q5jE,NOHELY,ALDEN
1h6Qdrw,MINNIE,ANDABLO
E9zindN,SIMPSON,ORTEGON
niGPU9a,BINA,BAKALIS
uJYg2KM,LATRICE,BECCIA
u5sAgEx,DASHAWN,PITTER
QqNdhTN,PATRIC,DRNEK
lHErDn2,MERRIE,BEHANNA
Gj6x9eI,GROVE,MEUS
L27EVQ0,STONE,LOCHRIE
BuaIDFu,KIEL,CHURCHEY
XiOyulA,ZACHERY,MCCLELLAND
9iSChtN,GAITHER,HRDINA
dzmmkeJ,WYLIE,KULIKOV
E6erAzC,JAVON,MANNARELLI
5ktRtoF,CATHLEEN,VIELMAN
7ogavxx,SADA,LANEGAN
FjVV4om,MARGARETHA,DAVINE
Y9L4AZ9,EARTHA,NEHMAN
meUJD1o,TATIANA,DANILUK
BNl94sU,PAMELA,ZEKA
8drSCP6,MARGE,SARNESE
YfdgLlA,SOLON,AVIS
SFrzCSm,WILLAM,BOEGE
nYBPtNN,FLONNIE,GEURINK
jcjQcDR,KENNITH,VUKICH
refUfUk,NOEMIE,AKRAWI
usvf5bO,KAMERON,FOEHRKOLB
bq1dLA5,CRISTIN,THURSTON
xZafsqO,HANS,ZOGG
g7Luteh,PETRA,ROMANIUK
R5L4Hs9,MYRTIS,PUHRMANN
r68crQr,PARTHENIA,MCCANDLISH
NZlT21w,MATILDE,KEWLEY
xH3VXaK,LURENA,RODRIQUEZ
IYVAZaJ,DANN,MICHOLS
adZyi1x,SILVESTER,HARENBERG
eBaFQSy,VERONICA,WENGER
mwj60s2,DUDLEY,KIELY
8ZrmI9o,ALESSANDRA,SUTH
Uf1OCDo,JOSELIN,CAMPSHURE
NECMRtL,CONARD,MOTA
BYW16gd,DEDRICK,DAILING
A2fQonR,JOHANNA,MAGHIRANG
QQXIHWE,ERIKA,DYJAK
QrtPWNy,CANDACE,HUBRICH
hqOtDhj,SERENITY,VALESKY
IK4BvfI,REYES,RUENGER
KvpS2t9,ANCEL,DELAMATER
WQGjc92,MARVEL,MINKUS
o8d4q2q,"NAT",JURON
fFx9vro,TATE,BILOUS
Jpl1qEj,CHERISE,DICH
vPL0Z7C,BRIANNA,ALVI
yYiIBCg,AYDIN,SOEHL
tgFnjgy,EMMALINE,BEHRNDT
h7rjsZO,EDGAR,LENZEN
xEOx1a2,RONNIE,TSOI
cUvq5JG,DIANA,ELMAN
sR6YgUI,KARL,SCHLOESSER
GSGfBkr,ENOLA,FARNHAM
W0AfNMr,ESTIE,BARKALOW
ULeQzii,JAMARI,DUFAULT
Oo615TM,DEMARCUS,BRENISER
8kZKBdE,LASHONDA,KEATEN
FhD92UV,SHEA,BUSBEY
wFH8G1G,RUTHIE,GLICKSTEIN
SzpR7PR,KATHEY,COMPORT
sQKuhH8,LOIS,OBRIGEWITCH
ACEOcwN,KELLEN,CAUFIELD
WAToYH0,ADAM,MEITZ
ZXlsyAm,LARK,MCCORKINDALE
1jtbmCq,TYLER,LOKAR
RuO8i2I,DELPHINE,RAYMONVIL
4STXfzy,GUSTAF,SATURN
a4dleEB,CRISSIE,HAMMAD
Jdm3Alx,DOSHIA,MARHEINE
v9vFF58,DIANNA,HYTER
cjgLK1X,CLIFF,BURROW
pTgoImd,MCKENZIE,BELSKIS
xPbsZdT,PERRY,SCHNITTKER
nh8RtyL,LEOTA,LOVELAND
v0nGZpE,BRENDAN,WHITTAM
h75qSBq,RODRIGO,BOROUGHS
WcCYYQr,COLTEN,MCCULLAGH
3BzRsd9,DEANTE,NEREY
ZTP0Ivm,CARA,SCAIA
6kwt3Au,GOTTLIEB,LOVELOCK
lL2gcaQ,HILDEGARD,PARACHA
Sck0jmI,KEATON,MENKEN
xHWLm6f,DIMITRIOS,CANZONERI
qKatoMu,KAITLYNN,BECKSTRAND
xfgnqZj,VIOLETTE,CHADMAN
JbWkFoT,CIARA,MACHLEIT
JHZCw60,ERLINDA,SCHOLES
lzh8qKf,NUNZIO,MAUGANS
h7rrx6e,BETTY,ENDERUD
TLfuilI,DAMIAN,PRAISWATER
1B6Cfqj,TYRESE,HAMBRIC
aG6JluK,REECE,SANDHOLM
wO5OaUm,ALVARO,PUSZ
jphfoRK,WHIT,ROSEMOND
n8wK1fC,DOSHA,DEYLE
pi4406C,CHAS,GANAWAY
oS87BO2,OZELL,DUMAINE
yD4mxns,MATHEW,ROSBY
Bb2kJsG,ELWANDA,PORTICE
2xZuxPZ,HUNG,LAMOREUX
UwWmQKM,SHAY,VERGARI
q1ktuIH,CHRISTIAN,RASEY
atTngMY,STEPHANIE,BULEY
x6liN7x,CHIMERE,IGNACZAK
tpVRhIz,FERNAND,JURNEY
SMptCy2,HARDING,HAMMERMAN
h0pA9oQ,AMIR,BRUNO
TXTsigR,SUMMER,DESPREZ
YYRG1rW,CARYL,WIRTHLIN
oSCp1OM,ZAIRE,JABBARI
6Kyjm4G,SHELVIE,CREDE
LtoXlmv,LAURA,TEREK
3Vw8UiH,ELIAS,WESTERGAARD
IGMGStV,DELFINA,FERENS
xhV0Gf8,GIUSEPPE,BOOTY
G99ktB3,GRETCHEN,HAULSEE
7sa6Jxp,LATIFAH,SPECTOR
FdrPQSY,DASIA,PACANA
s925QOk,DOLLY,VULTAGGIO
0u7fPGv,MAGDALEN,KARPINSKY
fUtofYa,LEONIE,PERRITT
RLSkMo2,ABDULLAH,JEZAK
O03UPd0,ANNMARIE,TALREJA
aM35kjU,PEARLE,STOJEK
55y5ffN,HAYDEN,BARRANGER
qkIt778,LOVIE,WARBY
nFQIxpT,ROSEANN,TUCHER
IKwNQKR,ZANDER,HOWES
F86jBmm,BREANNE,RASDALL
PpmPUbb,KATHY,ROGGY
bTNQPGG,MARIELA,SEBETKA
iNKp92q,HUEY,MERJIL
898mrrJ,LONIE,ROOS
7Ez7ZNa,GILMER,MULVEY
tC2Qpxr,LINWOOD,HORSPOOL
rnxwDYO,ILAH,MEIDAM
eK3cHXs,GUNNER,SANDOUAL
kd9kU5k,TAWANNA,ELLINGSEN
mCYWwfo,SHOJI,CARPARELLI
qhpRBcT,OPAL,FALKIEWICZ
Gd4SXOQ,DAISY,CORSAUT
WQ7Ib4C,STERLING,VIRCHOW
cdUSKmk,GENESIS,RICHERS
uZhxvXZ,ASHTYN,MACAS
iEBrvYV,SHAWNNA,JORE
smFgcvv,ETHEN,GALLUS
gmzmXTV,HENRIETTA,DEML
5SGVWgQ,KATHLEEN,ENGELBERGER
jg8icmr,"NAPOLEON",GEREMIA
WzqT53i,MACKENZIE,LAFAVER
BcNBHe3,ALYVIA,BASANTA
JcSQ6Gn,KIZZY,DASKAL
LBlq1Sm,DEJA,WASSELL
cDQUlTG,ROBBIN,DEWISPELAERE
p1blTSC,BRODIE,PAOLELLO
yz2zXkm,JUSTON,HOGGE
WAnUWHB,GLYNDA,SFREDDO
Ybh121b,MILA,STAIERT
OBwXQNu,TABETHA,LATTA
2ImXBiw,JALEN,ALQUICIRA
ZhCotJg,ARLAN,HOUCK
mnm4Sg5,LADONNA,HARJUNG
iVVVcc7,ZILPAH,MAHI
Q5iz41R,SIENNA,GANSKE
seRbJYP,CAPTAIN,BARCLEY
nL6fOHh,CAREY,GIESLER
JGQBSaL,VADA,BECHLER
utqNfjw,JAIME,BERTOLDO
rWGaisT,GRIFFIN,SHIFRIN
soek6PU,GILLIE,SEABROOKE
T3xXlxp,ENOS,EDER
gapL64X,HARDIE,TRYON
jZbYXbo,SANDERS,MCCOLLIM
pLnZ7KO,CATINA,SCHWANDER
rxin25w,ISREAL,VUOCOLO
lmzMoIN,ELIGAH,GRABOSKI
iPZ5yyg,BRENT,CARANDANG
oBwZly3,DEANDRA,URBIETA
HNvFSsu,DOREEN,SUNDAHL
9bcMdyS,DINA,FIE
caSA7RT,JAYVION,BRESLOW
YocdT0k,ARDETH,MICHIENZI
kC1rRqC,JEREMIE,MCCUMISKEY
tdssgfa,ADITYA,GANTHIER
NKt7NQG,EVELYNE,HUSSAINI
V5abIc4,ELIZABETH,LEFEBER
YZhHFlz,JASIAH,MAIERS
9eaVRTf,SYDELL,TATSCH
FoesS6R,DAYTON,MICHOS
qkRifW0,YORK,WALAWENDER
765TsHy,ARAMINTA,KATCHUR
srToSR2,FALON,RITTLE
rg6uaKh,CYRIL,VEDRINE
h1gvD7i,STEFANI,CORLIS
5H7SAbu,MALLIE,SCHALCK
DtEY0tR,TREVIN,PELLITTERI
11xloCP,OSIE,KURTS
0k2m7wM,PORTER,BEDERMAN
vYso7Uy,SHANON,RITSICK
YPHivNz,ESTON,KERSCH
6ZTTjH4,MAXIMILIAN,WANTON
u6QLRr4,VIRGIL,BENSING
wY2JFm3,LIZETTE,SEYDEL
UPh8sO0,ALIANA,HOWEL
U5oCj1v,LUCY,PULCINO
UjpfZTq,ARON,LARES
l7ao4LC,LONE,LAUBENTHAL
Lu5EKsH,JAIDEN,HADERLIE
MaQAV3g,ROBERTA,HINEY
2NXPDer,PARLEE,CASSELLS
VMsETBc,MALLORY,PINADA
1p8LPkh,ADEN,MALWITZ
OL2djKk,HATTIE,CHERNIN
H2ybTRi,TOMMIE,AMAZEEN
SvWnqyH,TONY,DURRE
yYXoA6G,AIDYN,DEKNIKKER
pfJtl8d,CORINNA,MAGGETTI
ht3WVE8,SONYA,MATHWIG
BQZ1nHt,ADDYSON,VANGOETHEM
C4ay0Qf,DILLAN,SCHNEEWEISS
HqLryVs,HENRETTA,LESKOVAR
qYxv3IU,JACKLYN,PALKOVICH
cSLy37H,SHIRL,RAGOONANAN
9Y24tG7,ABIGAYLE,SABANOVIC
TtH8jRj,BO,NIVES
80Q4F0W,FRANCIS,GIESY
oXK715i,CAYLA,WINKIE
2ftXo2J,RUBE,QUALE
Dd9WWex,LEEANN,MCDEARMAN
0ngnJPE,EMIT,SHAKUR
L6hzeiu,LIBERTY,HUSHOUR
cIFVEbc,TASHINA,SCHLUMPF
kJs4tKI,CLEMMIE,AMLUNG
x0CQPH0,CORBIN,AYAD
Yq2NbzA,DENNY,WOJTKOWIAK
Qyj4b9m,TYREKE,BULAN
SgDCuyy,TWYLA,SCHEIBER
ZJdfnH4,BALLARD,SKABO
5KvM0MJ,AURILLA,CASASOLA
laY3XGZ,ISABELA,BERGLES
enXgREr,ARLETH,ZEHRING
HsJXJW4,JEREMEY,ROESS
Xpm2Sgp,DAYLE,HOENIE
OOHiyYW,WELLS,BRUMBLE
pTUv9OO,DONA,HELMLING
mCDs8Gq,TINA,TRESSELT
oq1caGY,SHAUNNA,OTTOMANELLI
wf2Vpr8,PRATT,SHAMBRY
ygHlNgE,JAYSON,EHRMANTRAUT
7TeC06d,URIEL,KRUITHOFF
ywTy20K,MARCOS,MARTOS
ytmAD05,ESSIE,RECARD
p3rEc9p,WENDE,KREIG
7O8s39R,SHANNEN,CREW
9z4nck2,JERRI,SOSSAMAN
Cl8VR0j,STEPHAN,BUONANNO
VBDOzt4,SHERLYN,HARGROW
6hqIpnT,DURWARD,ASEN
iXjmrzK,BETTIE,PANTZER
7I0WiFi,COLEMAN,SCHWARZ
zyVwegT,THEOPHILE,LOWENSTEIN
tZng8HD,AALIYAH,LUBERDA
LzyqyW4,RICCI,GENERAL
3uhPpJn,AVIS,MUSCARELLO
rBQ5aQu,JULISSA,LIOCE
QYvTRR4,REGGIE,BEGLIN
d1mDGFF,TUCKER,GREENFELDER
2SjwuAW,FRANCESCO,MATTEO
614VFHW,OLETA,GARCIAPEREZ
l0KASFS,FLORENTINO,CALLESEN
CnrxUlm,CONNER,SALLESE
BfsICdO,INELL,EVERY
Ckkg1zr,FRONA,DREIER
lrIdYVP,CATHERINE,PORCELLO
M1Fa3V1,BRADLY,KUHTA
eDzQR0b,DAWSON,FOBARE
zP8ySo3,MAGDALENE,RYCE
ZET8gfh,CHANNIE,DUSSEL
dJFLxBe,DAREN,IANNUCCI
96pD3CK,HERB,BONEBRAKE
u4vNjZi,MARIANNA,ANGRICK
PkYBzdt,WAYMAN,HOWERY
q5ejUFf,BOBBIE,ZABLAN
pTlRp4x,ANJALI,BUSHELMAN
v6U3ZM5,JULIOUS,OCALLAHAN
L2tP3EV,DOTTIE,MORELLO
PuYdQ4J,ANDREAS,JOHNSONLEE
wRFSYjN,FRANKLIN,CORONATO
XUdtMS3,CONOR,CAPELLE
QCcU1G5,DARRION,SEEBER
GKK0Tph,EMMALEE,OJEA
MbDhTMw,OKEY,WILMER
1dHhmgt,ZEBULON,SCHIPANI
UVJQ4fX,COEN,DECLERK
06RSSq0,MARINDA,HEARING
Z0jKVu0,ENZO,BODEMANN
80DMhSD,SHAMIKA,CAZAN
scaQM63,MALORIE,GAITERS
1g12d7j,OCTAVIA,PHILBURN
7XiPvJO,DURRELL,BOUTHILLIER
3j7c7zO,MELBA,KUKLA
puGBwfK,JUNE,KONTUR
jOmRVa6,JAYME,BEATTIE
hJ87fnM,BERLIN,FLAITZ
91gYcUi,MACHELLE,MASSICOT
xhPI95v,BRANCH,SEITHER
GTSXDy5,TIANNA,MACIEJKO
SWNEskL,CADENCE,TRISSELL
jvwiTbG,BILLYE,BROE
rl90hEr,ROWENA,WALICZEK
EyozQwT,DONOVAN,KRAMBEER
7jO8nji,EMILEE,STOFFERAHN
emhVdFJ,KASH,STAHLI
72pv54X,ALEXANDER,FONACIER
Ys0MZFt,PETER,BEND
JuQWo8g,MARIBEL,YANAGA
pUE6h6T,JAN,PEDLER
pqX4roz,CONSUELO,REINSMA
ngyfXbR,MILLICENT,SPIRIDIGLIOZZI
UFa7RwT,VELDA,GNEGY
2ve27n6,ECHO,FALLUCCA
FwrrTlN,ARTHUR,OGUIN
275IW6h,ODIN,SPANOS
DUUnKLr,SHANI,NEEDLEMAN
qTn4dO2,MALE,SWEISS
JjQXfgm,NEALY,JOST
mnCbSZt,WOODIE,COMESANA
QZt3R0l,CASWELL,PATRONE
kBoqtUu,WILFREDO,BARTIN
0iqfxui,CLEO,STUTLER
IQ5LAf1,LUVERNE,REHRIG
GQpmazM,IZETTA,CUSHING
KlROA74,TONYA,OEUN
PK5cJ3e,OREN,MASTALIR
h1nmcZx,MAXIMO,CHAMPLEY
aHd9Weu,STEPHANY,GARCIACHAVEZ
kMTQCIn,ALIZA,WUTKE
61EYgxr,REGIS,KLAUSER
qbIGlGE,ANGELIC,JAIMAN
YWFp83N,GAINES,BOURGAULT
9AG8ruU,BRANDIN,LEFROIS
ckOFEwE,CORAL,BOROWIAK
Gwdwlod,GRAY,JOAO
x7G331y,ESTEL,SETTINERI
Z1kAgXp,VONNIE,WOODARDS
6ZhZYAH,ABBY,CRAGIN
70SWbnn,ELIANNA,THOENY
Mp69dry,INGEBORG,HUTSON
Tcm51gx,ISHMAEL,BLATCHFORD
3F2bV36,CAP,GOLDIE
ItTZFDX,CHRISTOP,SANTOS
peSrEpq,TAB,POTTKOTTER
lCXUKa0,THURSA,BATARA
qqxg8pL,ROMAN,FLEISCHAUER
W6J3WEx,NEIL,MITCHESON
ogrJgAP,TOMEKA,HEISING
NocaBdE,DAISHA,ZOMBO
8R5FK1G,ELVINA,ROEDELL
2TCKTyf,BRIA,SAMMUT
fTcpORM,DIONE,EISSINGER
VfcXzlL,ERBY,LUTTERLOH
f23BfmY,RETHA,ROSILLO
BuVWWCj,LESTER,BARBARITO
uoQeepR,PRUDIE,REDIGER
a79A1TO,SKY,HANKEL
vJkTdBn,SAVANNA,LOPEZRAMIREZ
MTPvdCU,BEN,SOYER
N3Z4qLf,MUHAMMAD,TOTHEROW
P7tHltl,BRENNA,WATLING
zxl3j2Z,DANGELO,ROQUEMORE
8fZJg8O,COLON,MCCAA
rd2gQ36,EBENEZER,PEELMAN
vWzofw8,CREOLA,PALTZER
SS61TBd,ELAM,MARINUCCI
ExcvTjm,BRIANNE,TUE
hQabiPi,SYLVANUS,TSUBOTA
RzOiWkR,THERESIA,DAUGHTREY
1tDRSXl,HERIBERTO,TIEFENBACH
0VJUYsW,MIKALAH,RIDILLA
TB9A4de,IRENE,SONKIN
qnWVDAz,TOYA,SUENAGA
Xi0ulpN,TRULA,ROBERIE
22fWscq,FERMAN,POMPE
HLZj8qv,PAGE,THUOTTE
dLEIany,TOM,BANGMA
GTbSE6G,RONNA,MONDAINE
lgOyxod,MALVINA,SHANKLIN
7nwwN6H,SHIELA,SUMMERILL
5BdtoMj,DANIELLE,SPINOSO
G4ibnBX,JIMMY,IOERGER
OsZersf,THEA,WOLFER
RpbhtZV,DIYA,ELLINGHAUSEN
9P7typz,OMA,TORRICO
B3btPBv,MEL,HOLTY
r2IaETg,HOBART,ZOLDAN
LODBLTA,JAROD,HOLMSTEDT
qeUTpMX,JAMES,MERCERON
MytzPoS,CORDIE,BINGO
GF32CRW,PARK,STUPP
bTagusP,EVE,MCMANN
71QISyo,DEDRIC,ISENSEE
NQenP86,VIRGEL,FIKSE
uq7pdGs,HORTON,SAFFEL
mKACLiS,JOSEFINA,PAPARO
Zyy8irn,URSULA,DANNELLEY
cFwLSni,ACE,SOULSBY
y4OBQLu,KYLEE,BUZZETTA
67IwWB8,TIA,GAVAGHAN
d2FUxdZ,ERNESTINE,HAMMERQUIST
I5p8MiP,TONDA,SLEASE
JUz2Aps,ELIE,MERLOS
xlre1iD,LUCAS,CREEDEN
jpqfbbb,LUCERO,KILLMON
gU20EZu,ROLANDO,ELVERUD
cmlT1fB,DEMETRIC,AUSTERMANN
oDHDD3r,RESSIE,ROXAS
wHDyoZN,BROCK,BRANSTNER
o8EqinC,JEANA,ALTOM
8DRsfOZ,KNOX,AMO
YgSsV2c,SHARITA,MUNK
kw08n2v,ZILPHA,FABROS
TPAVuGJ,WESS,ELDRIGE
4sYbk8h,VENITA,FELDMEIER
N3dVBZx,SCOTTIE,FEDELE
YgmyTn7,SHALONDA,YATCO
AgD9amg,CLAUDIE,MASSENGALE
cQTzaDE,MAIA,FURGIUELE
bZThK0i,ESTELLA,DEMARTINI
8D9F83Q,ELAINE,REVELLI
5pVK45D,JETT,SCARLETT
lUifFXg,TOBI,PISULA
lvP2ma8,GERRIT,MANNISTO
JIL9ODt,TIMMOTHY,CHAMA
DAfUDRZ,KAYLEY,GLEWWE
eVUw7te,TRACEE,SZABAT
YesSXPf,BUSTER,MARCELL
ooasnCs,BARBARA,SAM
XHq9WBQ,DENISSE,CHIHUAHUA
Zi3EeJX,RAYMOND,EBBS
lOaMvQT,ADLINE,CHANDRASEKHAR
QU2RrEh,KESHA,KRIMM
7iOQyhX,GLINDA,HILT
lH3ZO6O,MIKHAIL,ANDRULONIS
NbC2ms1,KATLIN,GAPINSKI
Ompshpn,ADELYN,BERICH
97O8sq8,LAURETTA,DESOTA
VL58aIV,ANA,HANNES
yPveB65,GREGGORY,RABANALES
l6nmWgm,SCHUYLER,ROGERS
ykCZG6f,WALLY,GUREWITZ
ARk8UDi,ALDA,MCKINLEY
5Lqes7t,MERRILEE,SIMET
swQe0Yi,RUBYE,HERYFORD
tpf98E2,SARINA,GERSTORFF
4tAlhGr,KAMRYN,SLOSBERG
0Qt7M77,ANGELES,MIEROP
mGLwXbr,LAURENCE,JANICZEK
9je45ut,ALF,WADA
7oaVArL,SHAWNDA,BYESS
eUGOHhS,KENZIE,RULONG
RERCf68,WERNER,VAZQUEZ
kGlGUkC,CLAIRE,AMSTRONG
dr5RXtp,ZACKARY,RITMAN
AgJxeuw,DONACIANO,CHAISSON
FjGcBRg,KALVIN,STURZL
wJM3vaa,GRANT,AARHUS
AvWyw6B,RICO,WEINANDT
hc928mJ,EUGENIA,CAPRETTI
sefVirt,CLEORA,PANASCI
tT9lQlv,TAI,MARKULIS
LiE9rMU,KAYCEE,HEBBEL
1buuCbs,SHAWN,WINTHEISER
IiJxLgP,PENELOPE,LYNG
M1B8CJg,MARQUIS,CRATSENBERG
qUj3FJ8,KATLYNN,KUNNEN
gN3Tvfg,KARTER,PROCTOR
58OAU7b,EDA,COLOM
S9MAMn3,LAVERA,SERAFIN
al9K5Be,ELMER,GEAGAN
h0K3T6T,AUSTYN,REZNICEK
cP3EcTf,WARREN,DURLING
kO1G0g3,KYLAH,PRZYMUS
m5gvO3M,ELDA,FEDOCK
wtygkcX,JOEL,MATHIEWS
zJLrTHJ,CAREN,MOSENG
kgc1vWy,CAITLYN,KRETLOW
8fuU6pt,LEVIE,PELTZ
D4NicJf,ALGOT,HAMLEN
lJTi4yC,ARLIE,SIRICA
aOdhAOe,EVER,HOUTMAN
ePmqyzO,SHANNON,COPELAND
oGPI7WD,TILLA,MORKERT
YJirxDO,KARRIE,DIPLACIDO
pop7APb,DUSTAN,LIBASCI
CcZnlfW,EBERT,CRANDLE
hOkU2cg,GREEN,DONIHOO
MY3MQUu,FAY,SLAGA
yrhmqr7,MAJOR,YOKOYAMA
5rF2aFJ,ALYSE,STENCIL
A3NvjCU,LOVINA,CHAFFEY
jCkLC4j,CARLEY,REDDIC
Soy4mKo,SOLEDAD,SANDFER
qRQy6M0,DARRYLE,BASYE
A8tR8XX,"NAOMI",HOYING
050kj0R,LITTLE,BIELEK
JJSmB5N,KAZUO,MEABON
toTaMaO,OMARION,POLFUS
CI5yBYV,ASHLEIGH,DELARIA
WbT4B6m,JANNETTE,BAGOT
9SpnWto,EMILIO,URENA
ZvNFN8S,ABIE,BUHLE
Ft4BrWf,VICKY,SHILLER
xdd3xeb,FAUSTINO,STANCATI
9Nd6sYi,BRIANDA,QUAIN
ZfrRVsy,TEX,SAMANT
jAtGRQJ,MERRILL,DAUSER
Z7YT8PD,PHEBE,EXENDINE
J7Bs8lX,ELVIA,AVERHART
L0j9u64,AYANNA,LUCKENBILL
8eF2tDb,GARVIN,MCADA
QfOryUL,CICELY,DONAIRE
A2AVwe1,FELISHA,TIMPER
r9zjFrC,KIMBALL,SMERAGLIA
lm3Fmvy,BRADLEY,KILLION
AHS0dQW,PRESTON,PENUELAS
Ik25WMp,ZELPHA,BIEKER
frx9wv8,LORENZO,OLIVERIO
92EMJXy,LEYLA,GUIDRY
EXjZ74b,CHARMAINE,MURALLES
7jrf9aN,ELEANOR,COSTI
qbXCDAy,ARNOLD,MCNAMEE
tWZdAgG,ROSELLA,SPROCH
1pKKDQm,JOAN,STROUPE
pQTip8W,CAROLINE,KONDRAT
jGiNYdw,LARAINE,KATHLEEN
Zu4j1t2,GERARD,CARACHEO
Insgebe,KOEN,VALIS
aMX4l9O,BONNIE,HEIGL
mr2Tt94,MOESHA,OLWIN
zzSTPVG,HARTLEY,HEGEWALD
TiHF4wQ,TRESSIE,SJOLIN
Z17gZph,ZELLA,MABREY
QiW8lTk,JANYCE,GRACH
IOWVn0t,LAVONIA,WIDRICK
RKffHp9,DORTHEY,SILVERWOOD
VTRlTBB,WINFRED,DIGGINS
Tt59GSx,MINNA,OLMEDO
NHPgy9W,IRIDIAN,SLINEY
4Y8baZr,RUTHERFORD,TONGA
UpsSMEp,COURTNEY,HUCEK
OJwLARw,MARLEY,SAUVOLA
7GQBSjF,FOUNT,GORSCH
3pqm8d2,HETTIE,STARZEC
kJYdhpE,DAVIAN,CUCCHI
6dUqILM,PRIMUS,CANTELLI
Bly2gdg,KORI,PRIOLETTI
QI0g6E4,JAMIL,ESCANUELAS
ExwckpB,LADY,CIARAMITARO
N7rUUu2,JABARI,NIKOLOV
hL13exG,TENIKA,ASKAM
bBEKqyN,HALIE,DANGREMOND
noHiMwL,JEREMY,REIMEL
QbcF5mn,BRANDYN,SENIA
BiiZVX6,JERIMY,EA
W309iyq,ANNELIESE,KOETT
ST38RWM,FLORRIE,BORRELL
fNi6LoJ,LIANA,BRESLER
sFEf6Us,DELPHIA,JIMMY
t3EzNSO,MANNING,ULMER
Rm5ENfA,KESHIA,BURGUN
YKgpUAO,ZOEY,HOLICKY
bp1QuAQ,MANERVIA,DUERK
gLOzrp3,ISAMAR,SZEWC
OgYzIC6,TAD,AM
WSdey9K,ORVIS,MAROSE
0Zn6pbs,MIKALA,SPOTTSVILLE
2u3F6aG,CHERRYL,FORSLAND
l8Q2e7e,OPHA,REDMILES
4n26NZk,JULE,ALLIMAN
k4egdX9,CLOYD,BOVITZ
YrzgUPK,ANNIKA,MELLARD
579nQ7J,WADE,HEARTH
MaFwpuE,LILY,CORES
oheDqWU,MICHAELA,HILLIGOSS
8wWtLZB,NILA,STADTFELD
hM9PBo5,DELANEY,ENGELKING
7NNXkWa,CASSIDY,LAMOUREAUX
t2HHfzQ,MACARTHUR,KULBACKI
K5eZBjC,DWAINE,DEALMEIDA
JRFEIMc,CURTIS,LUNEAU
UN1S4ZF,ALECIA,CORTE
GNWRZHK,JOANIE,SIVRET
ka4O7os,KIEFER,FINEBERG
SEnduFV,JORDEN,KADLICK
0m7oGEz,STANLEY,VONHOLDT
TupYQBN,LOUISIANA,FRINK
qy8kbdR,DESMOND,MANBY
yB1hQxg,BEDFORD,KRIEBEL
pbvbabC,XENA,POIENCOT
02Qq44r,ANDON,VAUGHAN
Khnz7tR,DARBY,HUETER
l1zYDov,LESLEY,PETTIPIECE
m8xIWQp,COLLIER,BELICA
AqPjUxN,JACQULINE,HUSCHKE
Eysa4N7,COLLIN,SAUBERT
XXuTwpf,JAMEL,RAMTAHAL
MZ6wswx,ISSAC,KISSOON
l9WAgfP,RODDY,ENKE
SYJxjjP,DAMION,SCALISI
xM62ECt,CORDERO,ALLPHIN
8gjGCVf,YVETTE,MOHAR
FgJRlm1,ICIE,ARISPE
hZbSHQC,VINIE,NIETZ
oI9PVva,ALEJANDRA,LACAR
cFlw881,"NATHALIE",ZLOMKE
CR48k3j,NYA,ARTOLA
bKdMVF0,KAHLIL,URSINI
eusD1UL,ELLSWORTH,DUBBERKE
O1RJT2W,RAEKWON,GREFE
RUmGKlX,JULES,HUVAL
khm0pmA,EARNEST,DUENES
8ozW74w,REED,BUTKOVICH
1b5U3K5,SHIRLIE,ROULLIER
f9wVjVX,MAYO,KUIKEN
RERbmEG,CARLIE,OATMAN
GQ33KQk,WIRT,EHREDT
WfIGC76,KARSON,HEWINS
GZc48kE,ELINORE,MONTEROS
3Vmq0Hn,OMER,BURMAN
zRZ6VZH,CITLALLI,BITSILLY
zT2EY7X,FLORENE,KEFAUVER
OJXrLAJ,GERARDO,TURRIETTA
IeWWXSm,ELVA,MAPHET
YbIT1dr,ABDIEL,FLANNAGIN
ECO5AUg,AKIRA,IMBRUGLIA
0SfDemc,BOBBYE,GOODENOW
Tusp5MO,MERLYN,CIPULLO
7pUgidT,VENUS,DRAGOTTA
pWUc0rH,"NAN",RIKER
8Es0I9p,ROY,ZAFRA
sKgvYPq,WYATT,BOISJOLIE
pIKGNGS,MOSE,SNORTON
b3a9RuN,THEDA,FACTORA
nJ4tm4H,LASSIE,WOODFORK
0mSNzo4,ALYSSIA,CRADDUCK
kq36cAd,NOLAN,SWALL
nWKN2YD,LINNA,JARETT
chvTusO,HILLIARD,ZOCHER
KDWvq2b,KEEGAN,SEBRIGHT
Xdg4lFE,SIMMIE,GARITI
87AEtfg,CHANDLER,MADALENA
FQaS8d7,RONALDO,CAZIMERO
zPU16it,DELORA,LINDER
p76emsA,MARILLA,LAVEZZO
w1BuV6G,ARDITH,SECOND
wKmfIok,DAISIE,FERGER
Ft7Z4TQ,WAYLON,KUROSAWA
OB2Lz6C,MITCHEL,HENYARD
1EFgeKu,WOODSON,DEMEULE
sIkPDfl,JALEEL,BALLAST
lxWhPqu,NOLIA,VULAJ
eD1SQDm,ROWLAND,HASENKAMP
WUPvGzx,ARLIS,FREEWALT
t0NySAN,ALYSON,WOOLRICH
5SRIqsx,CADDIE,DEBROUX
gRFMx96,BEVERLEE,MARUSIC
9K3wdYC,GAIL,DUPERRY
LTcOxnr,BRANDI,CRONKHITE
W9Xle8R,MADISYN,JARBO
jeYSLuN,MARIAH,EIGHME
9bCiHPb,KARSYN,WALI
xV7QJmd,CHARLE,SELNESS
3sOrdxY,HARROLD,SAILS
Cv8ovpp,SAGE,BISSET
gMlpxbV,BURDETTE,CARTIEDGE
8xdZRYe,BRENDA,YANDERS
Ogi4EXg,ALISSON,BORLIK
OdhNwqH,FRANCISCO,WOLPIN
lY6XoMU,ABAGAIL,MARCON
q8zTVkc,ARRIE,DILLAN
yw9IcZ9,AMIL,STONEROAD
iYr0Rje,MARQUITA,MEDENWALD
lsT8sG8,BRAULIO,MAVENCAMP
XC3SDHj,JANN,MILANOVIC
DS3B9GX,ALBERTUS,ALARI
NYPLW6o,ELDORA,TYDINGS
vOvKHwq,OUIDA,GOPINATH
nWfhKYU,TREYVON,KRIHA
GsT35QW,ODELL,ARVAY
K18sxRE,DULCE,AUDA
ddiT5V2,MANFORD,JOERG
duTRx3I,NILDA,ARAKELYAN
WxmKEZY,ELEANORE,RASKIN
Bd0aUXG,DALTON,FUGLE
6dwQnVR,SHONNA,ALSOBROOK
ljcpGAf,TOREY,HAGUE
KUneB9C,ARNO,STALLWORTH
h0nM2tU,URBAN,UHRICH
GH7xZU8,DWAN,GUILEY
zXxHWzx,LONNA,MIRVIS
Kxe1T9W,COY,VOYTKO
vKUz7QL,BERNETTA,SUMMERSGILL
IdOARTx,HASAN,SAEYANG
SuwRb9a,TRENTON,SCHIEVELBEIN
6YDBRNx,VOLLIE,TOMB
kOxVPMq,STUART,TELLER
0qM1yKP,SARA,SLARK
62bGIsK,MILLARD,LEWICKI
7DIOORY,IRIS,NIEBUHR
Zw1AKbs,INDIANA,DEBLER
YU7UCat,HEYWARD,RACELA
ZClyFgN,TAMYA,SCARINGE
FUuYbBG,RUSTY,CAPOLINO
kGr7rg1,KASEN,GESTON
wkRbb6n,REVA,STAR
V6OGZ57,CRISTI,GHAZI
oi7wqwG,AISHA,TEUSCH
GtY8Gg4,LENARD,WINELAND
6wf1Wbo,JERRY,BERCE
txj3ADT,SYMONE,GROTH
sYmj1t7,ARLETTA,PARKES
ZmjV0iP,AMBER,VANNEST
u5BVZC4,METTIE,OPATRNY
PrUNqdX,CALLA,PESSOLANO
ev2kfN3,LEIF,KARBER
5gdStZF,MARCIE,TETTEMER
XR7cpPQ,NIKOLAS,PEACHES
RSyXp5f,JOHNNIE,PAITSEL
hKaK3rl,LETA,WEISBRICH
xWO4Ibp,BESSIE,AMELANG
MBIKFTA,KIT,PAK
nBwngFG,ELGIN,DABBAS
0L38pPG,REX,CONKIN
GIszbpF,MINTIE,WEYENBERG
Li4PjvW,MICHAEL,DEMO
NT0yX6o,ASPEN,STIFFEY
18ZBYKe,AURELIA,MAHALICK
zwL821C,ERIC,CHARLEVILLE
AFGNo0Y,REINA,BIEHLER
YkhejQM,GORDEN,DOWNIE
hKyirdc,DONAL,SOVIK
jA3VFPs,MYCHAL,GOLDTRAP
3MvdGRz,LANEY,BOEKE
07mFHMZ,CASPER,SAVITCH
rm2BQtw,VELA,KEESTER
exN8R8x,SHAD,MOSKOS
UGqfxMy,DIRK,MASZK
kZTgLdk,LARA,MOAKLEY
LdF6j6T,NELLO,WALKOWSKI
wguzUtH,KHARI,MUFFLEY
MKh0y80,HUGO,CRIBBIN
RSzrkXH,MELVIN,KINABREW
GaQkTwO,EFREM,JESSWEIN
TuYx04R,FARRIS,PANNONE
YOhqqUC,MARGIE,BERGMANS
X1eduW0,BRITTNY,STAPE
axjMUEB,JUSTEN,WIMMERS
cvdXugE,AMY,JALOMA
ONBh2mS,FINN,DONATH
3a1CP7q,MARGOT,CRUMMIE
ydGslZa,OLINDA,HILLEARY
KEqYZfs,CATHI,MULRONEY
masFvN8,NICHELLE,SPOHN
IyzTpMu,CRISSY,BARTLE
wKQZDxO,ALEXANDRA,MALLETT
7hULjho,ABBEY,LEGALL
GOeOHmI,ALPHEUS,ZAVORAL
ZEy0wIV,JAMESON,ACA
Bj0t8N3,VIRGIE,GOUVEA
1jYaFxb,"NATALY",SENATUS
G47lP4j,LAZARO,MELEO
zDyNVu2,BROOKE,ZARNICK
iKEZjzQ,LIBBY,GRANDITS
PU90vPM,ALEASE,KRZYWICKI
BzeOSmM,NEAL,NESTINGEN
j6WEtKr,OLIN,WINDHORN
kZaUSI0,ALIYAH,KARD
VCJk0Oy,CORNELIOUS,BUSHOR
l0ieVu9,JOANA,PASTORA
4gkZ2Qy,SYLVA,PREZE
l7ja8xS,VICTORIANO,CITRIN
KOqwXhC,BURL,LARON
M1SxDIq,JAIMIE,HEROLD
3l0n7V4,INGRAM,BEATSON
PVWbmK9,TRUE,TRENCH
cjVRpNR,RANDOLPH,HOYER
u4pnzqf,WILDA,ALBERG
gP8Shc4,SEWARD,"NAHA"
oYqiaTa,DRAKE,HOFFENKAMP
Mc8KuPa,AB,OSSMAN
nRD9h5W,OLAR,OSCHWALD
wnSZj9Z,BARRON,KREUZIGER
bhwOcwa,BOYSIE,REBECK
BhjGjU7,JAHIEM,WEHRLEY
5sIEEhp,MATTHEW,FORREY
2o6K9Il,ALMEDIA,RASIN
f9yPsQM,SHANEKA,RECEVEUR
dl0Vpgr,OTHO,GRABOW
11H4W37,CHEYENNE,SWEENY
cjY4kMa,ADDISON,GALLERY
gpEW8F5,HILLERY,GIAMBRUNO
NeiFW4i,ARDYCE,WIEWEL
8HCmhFj,TENNIE,CIARELLI
2kdvdtd,MALAYA,MILLNER
61jA7vK,ANDRE,MUNNS
cPVEpPB,IDELL,BUDNEY
tPgdYuu,KEILA,ODDO
M8SIzvl,JO,QUARLES
rSm45DJ,ED,FRONTINO
Jxko376,KRYSTIN,KNAUBER
zaByqEL,EUSEBIO,NIPER
2GigwIG,BRIAN,SEDLOCK
rhflDzk,LOLLA,MOLENDA
ib7PQC6,VERNE,SMALLACOMBE
uXMOk5p,ELIZBETH,CADORET
dWqfJ3Z,TOCCARA,MERCADER
u1vLMUm,BESS,LAURENZANA
fmVjzFw,ARNULFO,KIMBROW
DCXJ8ZK,TAMIE,REIGEL
RCMsAeB,DIMITRI,GLATHAR
cTrzrIg,AVA,MOONAN
QQ7hJcm,LEONOR,REEMS
aa7wssu,JALON,NOSTRAND
CKRVNXU,KYLAN,WIENERT
XRmGrRt,TERI,MATTIS
cglyGFp,MABLE,CARACCI
Jw7v1gh,CHANIE,DALIPI
9jqYzUV,ZOA,EVERSOLL
svD3qTY,ISAAC,PETRANGELO
GBpUYvt,AMI,TEKAVEC
5hXaYh8,SUSANNAH,KORCZYK
3BHYIov,DAYANA,ALIOTO
2OLRkQw,CINDY,"NARENS"
QxKFAG4,BRETT,KASPRICK
0kItiqd,CLETA,SOUFFRONT
bGGNwgf,TY,KOUNS
HLAa3In,RAFAELA,SELVIN
l3nm1Pt,MAE,ZAKULA
nbBH2cd,DORATHY,BERNI
0C56fc1,AMARIS,HARSCH
DZR595F,KIYOKO,PEERMAN
M0rnIp0,DESIREE,BLECHMAN
naNlMhs,CASIMIRO,FIENBERG
TgzcUd8,LILIA,KLOSEK
VoIUOzK,FERNE,HANNABASS
3mr01uu,TYRIQ,PAGLIARULO
FI5dDgj,VERENA,BOTTLE
AkSL13q,TULA,SATKOWIAK
dsJclwm,ALMUS,CARBOY
MRfQBLT,AUGUSTE,MACKAY
CTQMxK3,RAOUL,LANDIN
QqPhzuk,LORRAINE,CHOUNG
gV73yIF,PEGGIE,PERKERSON
JvK75xC,PRECIOUS,ANIMAS
mFlOKaq,DAYAMI,GENSINGER
vIjgr9h,VERNAL,HENDRON
hQ57Wrw,CORNELIA,LAREY
wG1uga4,VALENTINO,KNIEPER
3bypJmP,MATHIAS,MAGDIC
ytTyTwB,LORIANN,SIEFERT
6XqItMh,DARIO,SIMNING
xu7LJgV,BRANDAN,POORMAN
Q4fRFod,ESCO,PAMPINELLA
4phhupU,BRIDGER,RAGLIN
0Od1fkK,KAYLAN,VOONG
1J9LRuJ,ALBIN,PANELLA
uDN4WRm,MARIANO,CUBINE
wtleJD8,TRUMAN,SYCH
3pvKudQ,EDWARD,POIROUX
AmuSn4E,ISOM,ALDAVA
DfpGodc,CLEAVE,BIZZARRO
bI1a0Tq,RANDY,CLAPS
aZ5WXMD,VESTA,MILETTI
e1GJyEv,SAMARA,THAO
pwRoMSG,SABRA,CAMPANILE
IzfTnew,JOANNE,ALJETS
nfGaKcd,CORI,MYCEK
2U2AEBr,LLOYD,OTEY
oqm2Esc,EUSTACE,DUPREY
LYHqD8n,ALVIN,ROSSMEISL
qKvOfSN,ROSEMARIE,BAGENSTOSE
lNpZadm,NELLE,MARIAGUADALUPE
ZfdCwIo,QUEENIE,TIESO
CPLzLjH,JILL,TURER
0FsKHDf,PRENTISS,BLEIWEISS
sK0nOk9,CAPITOLA,SWARTZWELDER
vtcC2XE,CAROLYNN,HURTE
v3UB5JA,ALOIS,WORKMON
XUH9B1Q,KERWIN,MOLLIS
G8ulgRh,TEXANNA,WENTLING
1j1OIou,LUANN,MENOTTI
43bgKbn,ARNETT,KLEINSORGE
70cLgBQ,DELSIE,PROIETTI
TttS20Z,OPHELIA,SKOMSKI
7SZfJQe,KYRA,GLOWACZ
JjYhKc4,MERL,POUCH
RWjPohp,OFFIE,LABENSKI
7frNAJp,DESIRAE,SAROW
ACFySgH,DANIELA,LOLA
bRyXOAm,ANNAMAE,SCHOOLING
lxlfz0k,COLIE,MCCRILLIS
PMew5Rj,MOZELL,HERRERRA
FehQhgy,DOLORIS,GETZINGER
86kOxXh,DAKOTAH,LANNOO
5WZvcEd,EDD,SCIARRILLO
NEcNq4K,SHERRY,SETTEMBRINO
QnPFJwl,SHEREE,FLINCHBAUGH
8eytWXV,GURNEY,TINKER
4fEJMwH,SEAMUS,WAIS
JBP4FGe,JAIDYN,MALLICOAT
TSLEI1O,SARAH,GORNEY
HonS2pE,KAYA,GERSTEIN
P7xOBtK,STACI,KLIPP
GjpIDvQ,YVONNE,BACHTOLD
vVOthsi,LEONTINE,GUNTZ
Jkio8az,OZIE,HAUZE
XhdkY2M,LINZY,BIDDIX
kh7uPX7,CHRISTINA,TABUYO
zDk06OJ,WILBURN,MORIAN
eAhYdVM,MACEO,MOMENEE
YegHhK8,TANYA,WOJTALEWICZ
ods0xB0,ALLINE,ESPICH
DAW5Uol,LUCIANA,SCHMELING
Js2vJjp,ELIDA,CHESHIRE
XmoaOwi,WILFRID,FATINO
xD5u1Gh,JEFF,MAGAZINER
eVuQFU8,CLARANCE,MARTYN
8Co1Iwv,DELILAH,BITTON
nx0YxM1,MATILDA,WISELY
K1lKzw5,LOREEN,CROSTHWAITE
EWesrru,SHARMAN,FOLLOWWILL
4iM0R9r,ZACHARY,TEET
idz2uU7,RITA,MARCHWINSKI
132lZ8B,ZENO,LUNGHI
PDhDmSg,KHALIL,STLEGER
fBUw4Tu,JADON,FARHOOD
kkzx4WS,DELVIN,REGEL
Gx7o0H6,BERNADINE,SCHAF
aZdh2xW,MARGARETTE,RETA
W8bwxS9,JANUARY,ALHADEFF
ae2AWiv,YOSELIN,ROAF
rQPdCqp,EARLENE,ALCANTER
wxiCc6y,FRANKLYN,ZUMBO
AMp0ntf,DAWN,KASUN
aKAWL7v,SHERILYN,BODOR
kcnSBcO,TIERA,ITTERLY
iwgE8V8,GLEN,HALLEMAN
B90y2jA,JEVON,ENNINGA
FuvCWvo,BABY,COFINO
GDuPxXq,FAE,BOLLARD
sUplLox,HAVEN,REUBENS
6c3XDBw,ROGELIO,AGUEDA
QSTsSUw,LAWRENCE,SUTTERER
hDDGalb,RASHAWN,MAKONNEN
zIaEc07,ALEXANDE,BARTOSZEWICZ
4GTwML3,LORENA,WILLIARD
kpFpk2X,AMADO,WARMBRODT
YY0DnwK,JACKELINE,SHUGART
4VQw8ma,JOE,CHVATAL
kAQOn1t,ZAIN,SEELER
CbxDV2I,JERMAINE,TUMMEL
T4KCpDi,OLIVA,FERRER
CnN3V4e,ROBERT,ZANGER
uXHDpFo,GRAYCE,KERTSCHER
0xifvVJ,MERVYN,PLASENCIA
pP3sXtj,BAKER,OZCAN
pXuLuvZ,RODERICK,MASSENBURG
MTN81B8,FLORIE,BREISCH
im9Lmja,GARNER,SAVELL
ROrzKEa,JOEY,PFINGSTEN
ye7N5WQ,SHEYLA,ANICETE
dzXvxBw,TILLIE,KASARJIAN
ShICchg,EASTER,TSUKAMOTO
8nYX11M,RAYMUNDO,ALTOMARE
JV36wQR,PHILLIS,SPYKER
bSGNbjH,JACQUE,DINELLO
bFMTCkx,MARLON,OZANICH
cUbEDfC,IZA,MACHOVEC
5XuS0VW,TAVIAN,DUPUY
D23FOg1,EXIE,VONSCHRILTZ
qkChfST,LITTIE,LOECKER
DwGZuya,OMAR,HEYE
UVXaYeg,ELLISON,MOZO
9ZiwbtV,HAL,HAFEZI
wuUYi76,RAMIRO,BROSSETT
DOon8yF,MANERVA,PEEDIN
EDrbx0Z,LEILANI,VEEN
aNboFqP,ADALINE,HUNTER
vhaS3qu,LAWSON,BUCKHOUSE
WjjhYWa,TEXIE,SHADICK
aOJUlHi,HILDRED,ARENAL
oj6rQdi,LILIANA,KOSANOVIC
sqUAdwS,RYLEE,BEZ
1mhWOMO,QUEEN,COLLART
t5xObQc,LUELLA,BASEMORE
5RxxDIw,NOLEN,PERSING
h5HF8cP,CASSIE,GOROSPE
Y2qFl95,HASSAN,MAINI
vy8N39x,MARGET,WINTEROWD
PvfceN5,DELLIE,MELNYK
zaVJSub,JOSELUIS,HOFHEINS
6WXvWh3,LAKEISHA,FOURAKER
4W8tiOQ,BRET,TIRONI
qBvP6zN,WILLENE,LAQUA
L8qk8pQ,MILTON,FRAUNFELDER
1VgRN4m,CHANEY,HUBANKS
38tuXJJ,WILHELMINE,SAMPSON
5NkU0Ji,FELIX,KRINSKY
kyO4cvo,CLAUD,SCHINDLBECK
PXrcmhq,NIGEL,ECKERMAN
LIBaVDG,JOYE,TORRI
Ojx7hPZ,JAYLEE,HEINLEN
zxDsdJP,KIARRA,BETKER
6T2ecQa,VAUGHN,POEPOE
Sr98Kfo,HAMILTON,KAZAKOV
ydAvPnN,HASSIE,MOU
dq3b1Lh,ALFONSE,TWA
G6j8qxw,LON,TRIGG
po2m2f7,LEANDRO,LEVINSTEIN
VJ1glE4,LEAMON,CLATWORTHY
zo2o6XJ,AUSTON,KOZAN
LC1n8qG,ARVO,NEWBERT
pGX5dWL,AMYA,PALMERO
G8pL25V,ROBERTO,MARTINIE
UxEJTYN,GEORGEANNA,LOWERS
d2tU0ta,ASHLIE,WEBLER
pQINdFE,PEARLA,DUPIN
BCES7L6,BENJIMAN,ZAKES
wOVpykL,NOELIA,ZELEZNIK
JgzbChO,IONA,EVERT
HqNSv3j,LYLA,KASPAREK
frQJtVF,DIALLO,CICCAGLIONE
OkH6RMb,KAIA,WICKLUND
AFjAIC5,CARSEN,FICHT
HHwojyc,MAEBELLE,DOSTERT
KLHtjY3,CHADWICK,LASSEY
ihfFVkY,DIONTE,CRACOLICI
dRypUq2,RUTH,TIDEMAN
aDIQO7L,CAILYN,HARLINE
vgAZjqV,KALIE,SANGSTON
jAlqcnR,ORAL,PIERMAN
dovoPWT,MALLORIE,BENIQUEZ
QuMAeRS,RODNEY,SCHIED
UwVeWrg,HERSHELL,BUNSELMEYER
fbGsNPb,BURNEY,HEMBD
tSg9Roj,ROYCE,CACKA
HxNLx22,HOMER,CROSSMAN
wqdYGZH,CHANA,TRAVAGLINI
dpIrdcP,PORFIRIO,ROEDE
ZS8l0WQ,DAVANTE,TABORDA
wNRJSKp,DOLA,HAUMANN
Gsq9QNm,JAYLAH,SPADT
PkQQnjq,NIKO,RIDLON
iBX4vOP,COLUMBUS,PITKA
1mDV9Io,DEETTA,PIORKOWSKI
qmWqcM3,LANI,SAULSGIVER
9nQ6oNO,VERLA,BEDAN
l7jp9pD,KRISTOFFER,POLHAMUS
2QOhK4a,ERNESTO,NIKO
uOb3JD2,BETSY,HEWKIN
J32C9EF,BENARD,HOWARTH
LiASY4S,BRANSON,POLLEX
ysQ1QxB,SALENA,SCHMOCK
